name,price,description,stock,photo_url
Disney World,15,Enjoy the happiest place on earth right from your home with a virtual trip to Disney World,10,https://lh3.googleusercontent.com/eW0pgcuZp5FGM2-_R46GyLIi0NXEMPMYjnvG9HyOo9an7ZJDYUmmilo6RUQQq9z233FnKN5SuXFoDgxh1AQ7f6h71-zazYbzozd8Mmd4_ceo0rlkrVNnL5jKnzDb3ruUEo-EnxdLh5JwlUHQVlwvFLB35dBw7F_qtrYIeC2UMCuY_05haalv-Oa7MQ4iG8Ah222f0OGC2AuAoSPfoT83ivgJ7UKd-p7t-mFTQFI9cVbxlQgR9B2WGiKK5zjcxNcwdbhxSt6jV_pw9oiCprqSZC-ErHmWAlXVt22ZV1WYVUjiBbjB9Fpgiid9IcsAqCjoplpSweHC9BKj7fF4y62ZfiUMgzIHXRKLYCxeaQWzPeiTnkwIMwV41vddFCq7HDvY0CuYdTTVWUqmEKopBJKWjJDcU0IVbcijLcaVpP66GWGgnm9YbYbeXfjiwqplbOGSkVzP5o2clnfopZozUPJUDm3qB2Ltqs_9msXe5cAQc_PHoBmqwfcEDdqZheijXol4k21wkugyHk9GDTFpTHNoFxB3wQYzzjF-pbhOjDqI0kcr67yC6jig8MUNWwVBScNYg7WpnYS2Y3NXK-qnIEOlZEANeTEZr-7_21uPs7TY6w_t-HKmcnM98kZ1xFUa-707TpZmMeXcwTs2u4yWGGGBHiygxeZjAUjIS9fPQtgXxgH42JIzViGJSs4mP-99=w1280-h854-no?authuser=0
Hike to Lanikai Pillboxes,10,"Experience the warm Hawaiian sunrise on a virtual hike up to the Lanikai Pillboxes in Kailua, O'ahu",2,https://lh3.googleusercontent.com/CBDGbeVuPJlsHOdX5sh4Ty6ZNSHjftzRQz14CVqQfkz2VwsvCRVTmPezhphwMM-U2VSM3L354xCM2213r8vGdJR12rQKYhIY3dPaxhHQ0OTaFpxS6u1iJNSbXbXN11pBELZy1ZTTkfU_pa9xieRdCGIAzit_squ7qzWdFSlz_Ccxr-KKA4cHVrlJxzR6Kt0f6iBGh4aOR6j_8l_Sl8FKu464DMHeSZUzvO8sj-DJwOXiwJ9vM3yUDyQkzMvDiMbEFxCdygUNLhr4-6OW6z2Uj4eF57SjEhzFv212G7BJq4v8MohUEnN9z4GlmvSSvHVv1GolVBBPJIh8lXuqi4f2CCZLvuH5VkHlMoNhgbQ3QBh8ckLOQZgsyL9dZ1pGIPdRHO7FDP40GjIJRd40RUNAmh7hz25FvWClV5aU7F0Id8rZau-IEZfWYdJ0kC4yudZdBx1UNY7Q1a5SgDui2nPVmLWwAEW_VyKKc5Tcn55DALS6Vmj3B6C19NcIcK5FPUIWjgdJloJOXUKoDzY_5FJosOYcTi1-DBf5qJVglNRP2Gfl1IyosV0B4kxuHGKlzzXvT-1Hms8iosnZLLodQ70A1U46Jnv7wYFnzGuENJyzwe086EVhxKMf8EyyZQ8sjIsDfGfHduPRhxDPYGueOKtgtKHDaFl3my9o7B0JAnK48s3DJc749K0ErwZyPsuu=w1280-h854-no?authuser=0
Walking in raining Tokyo,10,"Walking starts in Kabukicho, Tokyo during a light thunderstorm in the evening. Binaural sounds of the residential side of Tokyo mixed with the sounds of thunder and rain hitting the umbrella.",5,https://lh3.googleusercontent.com/HbEpvGOkyCtm69OMZt2-MlXqDcZlqHRBuoR1H-abmGSoI2SEFpilc_LOoZLBfW88w5QXoUslHDXWtLn59Gx-IhTb_5r-_TdVozOqEFOdcteMhrBznZsfn5CFCi__AnJT99XEuYI8MSYU_WkQkVQ9yy_ZfXH-o3JgzY_XiB6ddjS4ZhqE4Dl8S9u7qYqW2nm7lJEN7LI8p-0tqPyIwCV0YU54hLrw7no7cYMHDEWYgm2St2NQLn4TK2LZW0GFRJydJNGsaCULvWg__gFJRPZvm2-dVk3-ZFzJ0U3DQfNVYyhnwtm7JqnG-umj8tujCUmGrIA0CYRPYUw0rtlMNx-SNqzi-SuYQ-XoQaiUP8MldE4nJaKC2NBzdeJiIphVKfcTXUhnsUUYSOR7kYpyk4WQUCKhu6Y8_0-6Gswae553qzl5be7jjrVuR2P9zoM01glZCbGjP642JCZb2IVawtCd7i1YY3cS4Dqb7C98wCYKIANk-C-cQqt2NWR4BI2lI9Rzb8Y2RPpIvXSs6mXbe5fEkeH-NXPbu0rge8kLl2ffNv-gMHArhFBY_BoCjNy_0k-4IrLQw7CNwoAtMMxB0mZuz3oHjDoQYO5U_y9GaPHB--xveQ13qKt2hcWdyhBcB4HWcYVJ3ZK-lSWAmLJjYwNSAsKkRZNA8syu3m72iYanzwsPUlDYQVCpVxhEDwlR=w1280-h841-no?authuser=0
Walking in the Rain in Manhattan,10,Evening walk in Midtown New York City in the rain.,7,https://lh3.googleusercontent.com/7n4lm_MyDayZ-3kOpw-Tq8-_ExS2MLMAKQI1mZzVrf0IpCF4Dnk7xL7QghI-_jzND4hzkAwHWAhvuMsu_sGBeGaNKYhagkAgzJoBSKBNKGD10m0jp_KU1kYo681rf8pUKaZikcbm781qEm8wFUBm0MmD77o3BcsqyWYETeuBAftIm_SYdaK9qSN3f1pRoWJ6yTHxVZjK1rTimWm0fv3YuS6t2I48J9CxhUOPvAFpnhf02-PgmwJrPz3Pt8rxsDlh9qk9hk1TDTO9un7Bdcr8BjZYrOMzXxeH8LUwOgwlfrrpyI7I_XPGLdghn6HGF3cdqWQcSjCv0LIgS53GOzVzbD1q7KusiKR8sTdUfpHOjkRwbNPyPAHoxRX5j_kYg7o3-nfAimNr7YlMmV9sWWj0ZAWstT5pXF4s0hPeyFTE4yVwY5MD04t9H0zQaXXJGfKkGeovJQ6UYUh_2g09N3_DkVEmekQ0mvZRfB86Lwi4H-RJOKogvbEimWrK2uY2HPvy8R_pA_burVc6llI_R0JVC9YbYJHpQ_a55XjrbjAvRqHE33UWNAYLbaxI_93CEe5AH1GlmcsoOlAGFGod3qHdxXNISPiz3QFavpqJjglxEL_06EgWgiNTkhcIrRTiCSV_FCFAilaH7gJvDsBhqD3LoycjP-iH_kzOCGua6lr6zEl8TOsMU01i00mDdWCX=w1053-h1315-no?authuser=0
"Sunset in Gyeongju, Korea and Woljeonggyo Bridge",15,Quiet evening in Gyeongju and Woljeonggyo Bridge.,1,https://lh3.googleusercontent.com/gdsTN7d7ZsdDYwMpEEBzARyBizbHgZzzPZT_u6Pr-kxUAt3d3O6CVZ5ePuTYtr5WV1tsUq5jaivBZkoM_Kh1dEIEl5MjLsclG6BRW0d2MOmQj5eu2DCVZV1jWLHzgb4NKaLDf8Bmlot3NcsnRYoKONWPnwpkPg7z4mawej6VDNIWFWc-s6gz-xp79GAROopft6VkUmtrrtC_MPIUzQf3Oi94_YygV9CR-AiLWQB3ceOCRSygUW5H-M9w7kQgIIhbs-mIpbFc3V-8e6PaP-4vdiup90HlFKbwQNgKxxPJICGWX7bcuMES2ZqNBFZ-bCnlr_cfx754UYy8DkWax68HKh88e2qOqmRxJz6msu99xO3IOGjiO-UQztA-Yy8H5-uUR-T9DGEjCTs9JV538huq2qKqR0P9NxUc-ZF49nR4T5FMzA2JEJH0BjkvFMSMhb_PxNrgLZX6ES3j8Rdc0UL8De8vVMDx8AjNAuJrIqHTKDrIBYVk5OdiaSX3Xhh4adH7cZrgFhMd_ch_hrD2lBIdOAmvsANLdzki0xu5NH1cCe86r2ZKMoQgruViueEcDosI1PIpiuf561aBOGg2v-AXq5iXcypKlZ-y2MoT3mbJbFDAGaVC1Nn8rj4Bt6j_8dJKz-_qOMtdXD2Q8aF_UMVdUOQYcvrRAzRWDbk7epHKqN_o9AX-7XP0DMUT-r_3=w1280-h960-no?authuser=0
Catacombs of Paris,20,"Explore this authentic, spooky, labyrinth of underground tunnels consecrated in 1786. Let's wander together through this 20-metre-deep maze which contains the bones of millions of Parisians.",8,https://www.parisperfect.com/blog/wp-content/uploads/2019/04/The-Perfect-Montparnasse-Guide-A-Value-on-the-Left-Bank-of-Paris19.jpg
A morning in London,10,Morning walk through some of my favorite secret spots in London. Lots of breathtaking views and hidden gems. This tour is only available during Spring time.,12,https://lp-cms-production.imgix.net/features/2013/04/Buckingham-Palace-CS.jpg?auto=format&fit=crop&sharp=10&vib=20&ixlib=react-8.6.4&w=850&q=75&dpr=1
"Sunrise in Maasai Mara, Kenya",18,Start your day with this beautiful scenery from an African natural reserve park. A true experience!,5,https://www.ancient.eu/uploads/images/11490.jpg?v=1599183903
Travelling Riverside Blues,10,"A canoe trip along Paraguay River in Pantanal, Brazil. Calm and full of native life.",1,http://2.bp.blogspot.com/-Jc-FjpFiEsg/UlfuUFXiEqI/AAAAAAAAA3g/NeHm-Pi27p4/s1600/17+many+jacare.jpg
Basque by Bike,30,"Explore the Basque history and quirky charm of San Sebastián. Cycle along beaches, rivers, battlefields, and bays with a savvy guide, passing by aristocratic palaces and avant garde pinxto bars along the way. With a relaxed pace and the flexibility to stop often, It's a great way to get acquainted with San Sebastián’s contrasting historic highlights and modern vibe.",4,https://www.luxurytravelmag.com.au/wp-content/uploads/2019/04/shutterstock_139944886.jpg
Visiting Pacific Science Center,5,"Walking starts in the Space Needle base and follows through Pacific Science Center as I cross it on my way to buy bread. You will be able to see lots of cultural attractions like the Museum of Pop Culture and the Chihuly Garden and Glass museum, but only from the outside since they're all close during COVID season. At least you won't need to wear a mask, but I will surely do :)",7,https://m.media-amazon.com/images/I/81WkdgfvkcL.jpg